,age,balance,day,duration,campaign,pdays,previous
count,24317.0,24317.0,24317.0,24317.0,24317.0,24317.0,24317.0
mean,39.90755438582062,1347.7641978862523,15.765513838055682,0.0,2.7691327055146604,41.08767528889254,0.5911502241230415
std,11.438442825240633,2944.432327691303,8.273090533422065,0.0,3.068794424359786,100.49227350348302,1.9762033834622563
min,16.0,-8019.0,1.0,0.0,1.0,-1.0,0.0
25%,31.0,75.0,8.0,0.0,1.0,-1.0,0.0
50%,37.0,451.0,16.0,0.0,2.0,-1.0,0.0
75%,48.0,1421.0,21.0,0.0,3.0,-1.0,0.0
max,95.0,81204.0,31.0,0.0,63.0,842.0,58.0
